word,
scrotum,
breasts,
cock,
fornicate,
cunt,
git,
sodomise,
bitch,
shithead,
clit,
minger,
castrate,
tosser,
cum,
minge,
pillock,
bugger,
excrement,
shag,
defecate,
buttfuck,
flirt,
hopeful,
snuggle,
tune,
sunrise,
fame,
colour,
star,
heaven,
nipples,
knickers,
prick,
motherfucker,
screw,
cunnilingus,
dickhead,
tits,
bellend,
fart,
goddamn,
horny,
wanker,
snatch,
vagina,
boner,
sod,
dick,
bollocks,
fellatio,
bum,
riches,
rainbow,
brave,
ace,
profit,
breeze,
grin,
kindness,
silk,
cocksucker,
moron,
knob,
arse,
penis,
pussy,
idiot,
balls,
piss,
semen,
bloody,
fuck,
stupid,
bullshit,
slut,
testicles,
anus,
rimjob,
twat,
prat,
whore,
joke,
alive,
bright,
pet,
angel,
joyful,
movie,
honest,
exercise,
pee,
coitus,
climax,
tosspot,
damn,
orgasm,
arsehole,
ejaculate,
crap,
hell,
boobs,
turd,
blowjob,
wankstain,
shit,
bastard,
dildo,
fanny,
jism,
masturbate,
bird,
peace,
secure,
wish,
snow,
lively,
pillow,
quick,
cake,
carefree,
,